<?xml version="1.0" encoding="utf-8"?>
<browserconfig>
    <msapplication>
        <tile>
            <square150x150logo src="assets/images/logo-192x192.png"/>
            <TileColor>#F54927</TileColor>
        </tile>
        <notification>
            <polling-uri src="http://example.com/livetile.xml"/>
            <polling-uri2 src="http://example.com/livetile.xml"/>
            <polling-uri3 src="http://example.com/livetile.xml"/>
            <polling-uri4 src="http://example.com/livetile.xml"/>
            <polling-uri5 src="http://example.com/livetile.xml"/>
            <frequency>30</frequency>
            <cycle>1</cycle>
        </notification>
    </msapplication>
</browserconfig>
